transaction_id,store_id,price,quantity,discount,total_spent,price_imputed,discount_imputed,total_spent_clean
1000,103,106.23,2,0.0,212.46,106.23,0.0,212.46
1001,104,82.73,6,,496.38,82.73,0.15,421.923
1002,101,49.88,5,0.05,236.93,49.88,0.05,236.93
1003,103,123.0,9,0.15,940.9499999999999,123.0,0.15,940.9499999999999
1004,103,104.29,5,0.1,469.30500000000006,104.29,0.1,469.30500000000006
1005,104,28.58,2,,51.443999999999996,28.58,0.15,48.586
1006,101,,5,0.0,685.4000000000001,66.13,0.0,330.65
1007,101,124.27,4,0.1,447.372,124.27,0.1,447.372
1008,103,,7,0.0,999.04,66.13,0.0,462.90999999999997
1009,102,110.23,6,0.1,595.242,110.23,0.1,595.242
1010,103,93.95,2,0.05,178.505,93.95,0.05,178.505
1011,103,65.65,5,0.0,328.25,65.65,0.0,328.25
1012,103,,7,0.0,981.75,66.13,0.0,462.90999999999997
1013,103,,7,0.05,868.357,66.13,0.05,439.76449999999994
1014,104,11.56,5,,57.800000000000004,11.56,0.15,49.13
1015,101,8.82,9,0.1,71.442,8.82,0.1,71.442
1016,104,59.59,4,,214.52400000000003,59.59,0.15,202.606
1017,104,122.53,3,,367.59000000000003,122.53,0.15,312.4515
1018,104,,4,,533.376,66.13,0.15,224.84199999999998
1019,103,26.81,5,0.15,113.94249999999998,26.81,0.15,113.94249999999998
1020,102,91.15,6,0.0,546.9000000000001,91.15,0.0,546.9000000000001
1021,101,60.23,3,0.05,171.6555,60.23,0.05,171.6555
1022,102,,2,0.15,247.58799999999997,66.13,0.15,112.42099999999999
1023,104,127.11,4,,508.44,127.11,0.15,432.174
1024,104,126.56,5,,601.16,126.56,0.15,537.88
1025,102,72.96,4,0.1,262.656,72.96,0.1,262.656
1026,102,65.15,3,0.05,185.6775,65.15,0.05,185.6775
1027,102,44.64,8,0.15,303.552,44.64,0.15,303.552
1028,104,13.17,4,,47.412,13.17,0.15,44.778
1029,104,,2,,260.76,66.13,0.15,112.42099999999999
1030,101,122.87,2,0.1,221.16600000000003,122.87,0.1,221.16600000000003
1031,101,,1,0.0,149.96,66.13,0.0,66.13
1032,104,,4,,598.04,66.13,0.15,224.84199999999998
1033,102,85.54,9,0.05,731.367,85.54,0.05,731.367
1034,102,116.5,7,0.05,774.7249999999999,116.5,0.05,774.7249999999999
1035,101,,7,0.05,944.2335,66.13,0.05,439.76449999999994
1036,104,128.2,7,,762.7899999999998,128.2,0.15,762.7899999999998
1037,101,40.87,8,0.15,277.916,40.87,0.15,277.916
1038,101,70.33,1,0.05,66.81349999999999,70.33,0.05,66.81349999999999
1039,103,23.73,8,0.15,161.364,23.73,0.15,161.364
1040,103,,4,0.1,516.024,66.13,0.1,238.06799999999998
1041,103,92.9,4,0.1,334.44000000000005,92.9,0.1,334.44000000000005
1042,102,38.15,4,0.15,129.70999999999998,38.15,0.15,129.70999999999998
1043,104,102.4,6,,522.24,102.4,0.15,522.24
1044,104,94.63,7,,596.169,94.63,0.15,563.0485
1045,104,56.93,6,,341.58,56.93,0.15,290.34299999999996
1046,104,21.47,1,,19.323,21.47,0.15,18.249499999999998
1047,103,102.38,8,0.1,737.136,102.38,0.1,737.136
1048,102,80.44,7,0.15,478.61799999999994,80.44,0.15,478.61799999999994
1049,102,116.99,6,0.1,631.746,116.99,0.1,631.746
1050,103,80.42,6,0.15,410.142,80.42,0.15,410.142
1051,102,128.57,5,0.15,546.4224999999999,128.57,0.15,546.4224999999999
1052,103,85.03,6,0.05,484.671,85.03,0.05,484.671
1053,104,86.34,9,,699.354,86.34,0.15,660.501
1054,103,,9,0.0,1188.9900000000002,66.13,0.0,595.17
1055,104,63.51,8,,482.676,63.51,0.15,431.868
1056,104,24.43,9,,186.8895,24.43,0.15,186.8895
1057,101,9.17,8,0.15,62.355999999999995,9.17,0.15,62.355999999999995
1058,103,114.49,8,0.0,915.92,114.49,0.0,915.92
1059,101,94.94,1,0.15,80.699,94.94,0.15,80.699
1060,103,107.09,5,0.1,481.90500000000003,107.09,0.1,481.90500000000003
1061,103,35.88,4,0.05,136.344,35.88,0.05,136.344
1062,101,24.77,2,0.15,42.108999999999995,24.77,0.15,42.108999999999995
1063,101,7.11,8,0.15,48.348,7.11,0.15,48.348
1064,103,55.84,3,0.0,167.52,55.84,0.0,167.52
1065,102,90.54,4,0.1,325.944,90.54,0.1,325.944
1066,104,61.88,7,,368.18600000000004,61.88,0.15,368.18600000000004
1067,101,68.43,9,0.0,615.8700000000001,68.43,0.0,615.8700000000001
1068,104,,2,,231.36999999999998,66.13,0.15,112.42099999999999
1069,102,55.5,3,0.0,166.5,55.5,0.0,166.5
1070,102,79.53,4,0.0,318.12,79.53,0.0,318.12
1071,102,118.63,1,0.1,106.767,118.63,0.1,106.767
1072,101,62.5,7,0.15,371.875,62.5,0.15,371.875
1073,102,95.2,2,0.1,171.36,95.2,0.1,171.36
1074,101,,5,0.0,650.1999999999999,66.13,0.0,330.65
1075,102,,1,0.05,135.546,66.13,0.05,62.823499999999996
1076,104,26.33,3,,67.1415,26.33,0.15,67.1415
1077,104,,2,,264.784,66.13,0.15,112.42099999999999
1078,103,76.36,1,0.15,64.90599999999999,76.36,0.15,64.90599999999999
1079,104,42.45,7,,267.43500000000006,42.45,0.15,252.57750000000001
1080,103,71.57,5,0.1,322.065,71.57,0.1,322.065
1081,104,,1,,132.39,66.13,0.15,56.210499999999996
1082,101,76.43,6,0.1,412.72200000000004,76.43,0.1,412.72200000000004
1083,104,52.67,5,,237.01500000000001,52.67,0.15,223.84750000000003
1084,103,96.84,3,0.05,275.99399999999997,96.84,0.05,275.99399999999997
1085,103,39.82,7,0.1,250.866,39.82,0.1,250.866
1086,102,16.0,9,0.0,144.0,16.0,0.0,144.0
1087,101,23.69,9,0.0,213.21,23.69,0.0,213.21
1088,104,23.57,9,,201.52349999999998,23.57,0.15,180.3105
1089,102,27.03,2,0.15,45.951,27.03,0.15,45.951
1090,104,25.13,3,,75.39,25.13,0.15,64.0815
1091,104,97.93,7,,582.6835,97.93,0.15,582.6835
1092,102,31.37,5,0.05,149.0075,31.37,0.05,149.0075
1093,102,55.12,2,0.15,93.704,55.12,0.15,93.704
1094,102,,3,0.15,344.3265,66.13,0.15,168.6315
1095,102,73.72,6,0.15,375.972,73.72,0.15,375.972
1096,102,101.8,7,0.15,605.71,101.8,0.15,605.71
1097,104,29.99,9,,256.4145,29.99,0.15,229.42349999999996
1098,102,32.88,1,0.0,32.88,32.88,0.0,32.88
1099,101,10.93,7,0.1,68.859,10.93,0.1,68.859
1100,103,29.5,8,0.15,200.6,29.5,0.15,200.6
1101,102,45.4,3,0.0,136.2,45.4,0.0,136.2
1102,102,30.67,4,0.0,122.68,30.67,0.0,122.68
1103,104,17.86,6,,101.80199999999999,17.86,0.15,91.086
1104,102,22.49,7,0.0,157.42999999999998,22.49,0.0,157.42999999999998
1105,102,71.81,4,0.05,272.878,71.81,0.05,272.878
1106,102,34.92,8,0.15,237.45600000000002,34.92,0.15,237.45600000000002
1107,104,57.82,5,,245.735,57.82,0.15,245.735
1108,102,78.0,1,0.1,70.2,78.0,0.1,70.2
1109,103,105.11,4,0.1,378.396,105.11,0.1,378.396
1110,104,10.7,3,,28.889999999999997,10.7,0.15,27.284999999999993
1111,103,120.91,9,0.0,1088.19,120.91,0.0,1088.19
1112,104,96.05,8,,653.14,96.05,0.15,653.14
1113,102,16.86,1,0.05,16.017,16.86,0.05,16.017
1114,103,,6,0.1,711.018,66.13,0.1,357.102
1115,104,,9,,1184.4315,66.13,0.15,505.89449999999994
1116,101,13.86,7,0.05,92.169,13.86,0.05,92.169
1117,102,45.15,4,0.1,162.54,45.15,0.1,162.54
1118,104,121.9,1,,103.61500000000001,121.9,0.15,103.61500000000001
1119,101,113.5,2,0.1,204.3,113.5,0.1,204.3
1120,104,31.76,5,,150.86,31.76,0.15,134.98000000000002
1121,101,35.36,5,0.1,159.12,35.36,0.1,159.12
1122,102,58.72,8,0.05,446.272,58.72,0.05,446.272
1123,103,75.26,6,0.05,428.982,75.26,0.05,428.982
1124,101,94.65,8,0.1,681.48,94.65,0.1,681.48
1125,104,58.49,2,,116.98,58.49,0.15,99.433
1126,102,72.07,3,0.1,194.589,72.07,0.1,194.589
1127,101,113.38,6,0.0,680.28,113.38,0.0,680.28
1128,104,10.32,3,,29.412,10.32,0.15,26.316
1129,104,41.6,6,,237.12,41.6,0.15,212.16000000000003
1130,104,108.44,6,,650.64,108.44,0.15,553.044
1131,101,,2,0.05,256.12,66.13,0.05,125.64699999999999
1132,101,79.19,7,0.0,554.3299999999999,79.19,0.0,554.3299999999999
1133,101,82.16,2,0.0,164.32,82.16,0.0,164.32
1134,103,20.54,6,0.05,117.07799999999999,20.54,0.05,117.07799999999999
1135,101,69.87,1,0.15,59.389500000000005,69.87,0.15,59.389500000000005
1136,101,82.23,3,0.0,246.69,82.23,0.0,246.69
1137,101,40.16,2,0.1,72.288,40.16,0.1,72.288
1138,103,44.04,7,0.1,277.452,44.04,0.1,277.452
1139,101,59.71,4,0.05,226.898,59.71,0.05,226.898
1140,104,7.91,8,,53.788,7.91,0.15,53.788
1141,101,51.7,6,0.05,294.69000000000005,51.7,0.05,294.69000000000005
1142,104,35.66,4,,121.24399999999999,35.66,0.15,121.24399999999999
1143,104,52.49,5,,262.45,52.49,0.15,223.08249999999998
1144,104,22.37,9,,201.33,22.37,0.15,171.1305
1145,103,,7,0.0,938.91,66.13,0.0,462.90999999999997
1146,103,91.07,9,0.0,819.6299999999999,91.07,0.0,819.6299999999999
1147,103,103.47,7,0.1,651.861,103.47,0.1,651.861
1148,101,119.43,1,0.1,107.48700000000001,119.43,0.1,107.48700000000001
1149,104,77.27,8,,587.252,77.27,0.15,525.4359999999999
1150,103,17.6,4,0.15,59.84,17.6,0.15,59.84
1151,103,82.88,3,0.0,248.64,82.88,0.0,248.64
1152,101,90.09,7,0.0,630.63,90.09,0.0,630.63
1153,103,113.09,3,0.15,288.37949999999995,113.09,0.15,288.37949999999995
1154,101,67.59,8,0.15,459.612,67.59,0.15,459.612
1155,102,23.5,6,0.05,133.95,23.5,0.05,133.95
1156,103,46.15,5,0.15,196.1375,46.15,0.15,196.1375
1157,102,57.65,4,0.0,230.6,57.65,0.0,230.6
1158,101,98.66,8,0.0,789.28,98.66,0.0,789.28
1159,104,87.76,8,,702.08,87.76,0.15,596.768
1160,103,56.63,1,0.0,56.63,56.63,0.0,56.63
1161,101,,9,0.0,1332.36,66.13,0.0,595.17
1162,104,92.84,5,,440.99,92.84,0.15,394.57000000000005
1163,104,39.4,4,,157.6,39.4,0.15,133.95999999999998
1164,102,19.76,6,0.05,112.63199999999999,19.76,0.05,112.63199999999999
1165,101,27.16,6,0.0,162.96,27.16,0.0,162.96
1166,104,40.66,2,,73.188,40.66,0.15,69.12199999999999
1167,103,28.3,8,0.1,203.76000000000002,28.3,0.1,203.76000000000002
1168,103,32.05,7,0.1,201.91499999999996,32.05,0.1,201.91499999999996
1169,102,46.34,1,0.1,41.706,46.34,0.1,41.706
1170,104,30.14,5,,143.165,30.14,0.15,128.095
1171,101,,6,0.05,769.671,66.13,0.05,376.941
1172,103,16.63,4,0.15,56.541999999999994,16.63,0.15,56.541999999999994
1173,104,81.05,2,,162.1,81.05,0.15,137.785
1174,104,64.51,4,,232.23600000000002,64.51,0.15,219.334
1175,102,,1,0.05,140.06799999999998,66.13,0.05,62.823499999999996
1176,103,21.25,7,0.0,148.75,21.25,0.0,148.75
1177,103,62.69,2,0.0,125.38,62.69,0.0,125.38
1178,101,,2,0.05,276.58299999999997,66.13,0.05,125.64699999999999
1179,103,,9,0.1,1057.05,66.13,0.1,535.653
1180,101,123.48,5,0.15,524.79,123.48,0.15,524.79
1181,103,42.4,2,0.0,84.8,42.4,0.0,84.8
1182,102,29.78,9,0.15,227.81699999999998,29.78,0.15,227.81699999999998
1183,103,101.95,9,0.1,825.7950000000001,101.95,0.1,825.7950000000001
1184,101,,1,0.1,125.78399999999999,66.13,0.1,59.516999999999996
1185,101,85.73,3,0.15,218.61149999999998,85.73,0.15,218.61149999999998
1186,102,87.88,4,0.1,316.368,87.88,0.1,316.368
1187,103,45.6,7,0.0,319.2,45.6,0.0,319.2
1188,103,116.58,4,0.15,396.37199999999996,116.58,0.15,396.37199999999996
1189,102,32.12,2,0.1,57.815999999999995,32.12,0.1,57.815999999999995
1190,103,51.93,7,0.15,308.9835,51.93,0.15,308.9835
1191,103,66.69,6,0.0,400.14,66.69,0.0,400.14
1192,101,78.6,3,0.1,212.22,78.6,0.1,212.22
1193,103,40.15,6,0.0,240.89999999999998,40.15,0.0,240.89999999999998
1194,103,21.65,6,0.1,116.90999999999998,21.65,0.1,116.90999999999998
1195,102,93.54,5,0.05,444.315,93.54,0.05,444.315
1196,102,46.85,4,0.1,168.66,46.85,0.1,168.66
1197,104,89.28,1,,75.888,89.28,0.15,75.888
1198,101,27.38,6,0.1,147.852,27.38,0.1,147.852
1199,103,74.77,2,0.0,149.54,74.77,0.0,149.54
1200,103,82.23,3,0.0,246.69,82.23,0.0,246.69
1201,104,12.51,8,,90.072,12.51,0.15,85.068
1202,103,53.81,6,0.15,274.431,53.81,0.15,274.431
1203,101,24.49,3,0.05,69.7965,24.49,0.05,69.7965
1204,104,14.19,7,,84.4305,14.19,0.15,84.4305
1205,101,,4,0.05,564.452,66.13,0.05,251.29399999999998
1206,104,51.74,9,,465.66,51.74,0.15,395.81100000000004
1207,104,122.43,5,,520.3275000000001,122.43,0.15,520.3275000000001
1208,102,41.92,3,0.05,119.472,41.92,0.05,119.472
1209,101,103.82,2,0.1,186.876,103.82,0.1,186.876
1210,103,115.23,2,0.0,230.46,115.23,0.0,230.46
1211,103,91.37,3,0.1,246.699,91.37,0.1,246.699
1212,101,73.38,2,0.0,146.76,73.38,0.0,146.76
1213,103,64.72,4,0.15,220.048,64.72,0.15,220.048
1214,103,55.59,2,0.15,94.503,55.59,0.15,94.503
1215,101,,9,0.0,1258.02,66.13,0.0,595.17
1216,104,125.44,2,,250.88,125.44,0.15,213.248
1217,101,,9,0.0,1304.3700000000001,66.13,0.0,595.17
1218,104,23.02,6,,117.402,23.02,0.15,117.402
1219,103,110.98,1,0.05,105.431,110.98,0.05,105.431
1220,103,,4,0.1,507.81600000000003,66.13,0.1,238.06799999999998
1221,103,31.28,1,0.1,28.152,31.28,0.1,28.152
1222,102,14.64,6,0.15,74.664,14.64,0.15,74.664
1223,104,112.46,4,,404.856,112.46,0.15,382.364
1224,102,88.3,3,0.0,264.9,88.3,0.0,264.9
1225,102,127.07,3,0.05,362.1495,127.07,0.05,362.1495
1226,101,25.27,9,0.1,204.687,25.27,0.1,204.687
1227,102,120.31,6,0.05,685.7669999999999,120.31,0.05,685.7669999999999
1228,101,34.24,9,0.0,308.16,34.24,0.0,308.16
1229,101,28.73,5,0.1,129.285,28.73,0.1,129.285
1230,102,28.82,2,0.15,48.994,28.82,0.15,48.994
1231,104,123.11,8,,935.636,123.11,0.15,837.148
1232,104,101.45,5,,507.25,101.45,0.15,431.16249999999997
1233,104,80.84,2,,153.596,80.84,0.15,137.428
1234,104,57.03,4,,205.30800000000002,57.03,0.15,193.902
1235,104,,9,,1070.739,66.13,0.15,505.89449999999994
1236,102,61.9,4,0.15,210.45999999999998,61.9,0.15,210.45999999999998
1237,102,123.41,4,0.0,493.64,123.41,0.0,493.64
1238,103,68.67,2,0.0,137.34,68.67,0.0,137.34
1239,104,59.66,6,,304.26599999999996,59.66,0.15,304.26599999999996
1240,102,72.09,2,0.15,122.553,72.09,0.15,122.553
1241,103,48.7,7,0.0,340.90000000000003,48.7,0.0,340.90000000000003
1242,104,113.4,3,,323.19000000000005,113.4,0.15,289.17
1243,101,77.89,3,0.05,221.9865,77.89,0.05,221.9865
1244,103,38.67,5,0.15,164.34750000000003,38.67,0.15,164.34750000000003
1245,102,,3,0.05,386.00399999999996,66.13,0.05,188.4705
1246,101,60.66,2,0.0,121.32,60.66,0.0,121.32
1247,101,83.82,9,0.1,678.9419999999999,83.82,0.1,678.9419999999999
1248,101,,2,0.1,245.592,66.13,0.1,119.03399999999999
1249,103,95.51,2,0.05,181.469,95.51,0.05,181.469
1250,102,21.95,8,0.15,149.26,21.95,0.15,149.26
1251,101,,9,0.15,1080.792,66.13,0.15,505.89449999999994
1252,104,96.02,7,,571.319,96.02,0.15,571.319
1253,101,53.56,3,0.15,136.578,53.56,0.15,136.578
1254,101,25.19,9,0.15,192.7035,25.19,0.15,192.7035
1255,103,120.13,3,0.05,342.3705,120.13,0.05,342.3705
1256,103,94.91,5,0.1,427.09499999999997,94.91,0.1,427.09499999999997
1257,102,82.35,9,0.1,667.035,82.35,0.1,667.035
1258,104,,3,,383.6385,66.13,0.15,168.6315
1259,103,119.35,7,0.15,710.1324999999999,119.35,0.15,710.1324999999999
1260,101,26.99,1,0.05,25.640499999999996,26.99,0.05,25.640499999999996
1261,102,50.2,4,0.1,180.72000000000003,50.2,0.1,180.72000000000003
1262,101,41.03,4,0.0,164.12,41.03,0.0,164.12
1263,101,112.87,7,0.05,750.5855,112.87,0.05,750.5855
1264,103,9.86,8,0.15,67.04799999999999,9.86,0.15,67.04799999999999
1265,102,87.63,1,0.1,78.867,87.63,0.1,78.867
1266,104,115.56,5,,520.02,115.56,0.15,491.12999999999994
1267,104,,7,,832.419,66.13,0.15,393.47349999999994
1268,103,54.6,4,0.1,196.56,54.6,0.1,196.56
1269,103,124.08,4,0.15,421.87199999999996,124.08,0.15,421.87199999999996
1270,102,21.04,4,0.0,84.16,21.04,0.0,84.16
1271,104,127.74,6,,689.7959999999999,127.74,0.15,651.4739999999999
1272,104,23.49,7,,156.20849999999996,23.49,0.15,139.76549999999997
1273,104,62.61,2,,125.22,62.61,0.15,106.437
1274,101,120.61,5,0.1,542.745,120.61,0.1,542.745
1275,104,26.74,4,,106.96,26.74,0.15,90.916
1276,101,38.24,3,0.05,108.984,38.24,0.05,108.984
1277,102,109.73,7,0.1,691.299,109.73,0.1,691.299
1278,101,109.41,6,0.05,623.6370000000001,109.41,0.05,623.6370000000001
1279,102,97.97,7,0.15,582.9214999999999,97.97,0.15,582.9214999999999
1280,104,105.62,5,,475.29,105.62,0.15,448.885
1281,104,83.7,6,,451.9800000000001,83.7,0.15,426.87
1282,102,41.51,5,0.1,186.795,41.51,0.1,186.795
1283,103,55.13,7,0.1,347.319,55.13,0.1,347.319
1284,102,31.33,2,0.15,53.260999999999996,31.33,0.15,53.260999999999996
1285,103,,5,0.1,615.285,66.13,0.1,297.585
1286,101,89.59,6,0.0,537.54,89.59,0.0,537.54
1287,101,63.12,6,0.1,340.84799999999996,63.12,0.1,340.84799999999996
1288,101,71.99,5,0.15,305.9575,71.99,0.15,305.9575
1289,104,,7,,896.868,66.13,0.15,393.47349999999994
1290,101,27.24,8,0.0,217.92,27.24,0.0,217.92
1291,103,90.0,7,0.15,535.5,90.0,0.15,535.5
1292,101,78.35,5,0.15,332.9875,78.35,0.15,332.9875
1293,102,93.66,1,0.0,93.66,93.66,0.0,93.66
1294,102,7.63,5,0.0,38.15,7.63,0.0,38.15
1295,104,,2,,262.92,66.13,0.15,112.42099999999999
1296,102,,5,0.0,700.8,66.13,0.0,330.65
1297,103,86.94,5,0.0,434.7,86.94,0.0,434.7
1298,101,106.01,2,0.15,180.217,106.01,0.15,180.217
1299,104,,5,,589.7299999999999,66.13,0.15,281.05249999999995
1300,101,107.55,4,0.1,387.18,107.55,0.1,387.18
1301,101,27.12,1,0.1,24.408,27.12,0.1,24.408
1302,103,88.56,3,0.05,252.396,88.56,0.05,252.396
1303,102,92.97,1,0.1,83.673,92.97,0.1,83.673
1304,102,66.5,5,0.1,299.25,66.5,0.1,299.25
1305,101,111.78,4,0.0,447.12,111.78,0.0,447.12
1306,104,,7,,983.3599999999999,66.13,0.15,393.47349999999994
1307,102,,5,0.1,626.445,66.13,0.1,297.585
1308,104,70.37,4,,267.406,70.37,0.15,239.258
1309,102,21.42,2,0.0,42.84,21.42,0.0,42.84
1310,104,,4,,532.08,66.13,0.15,224.84199999999998
1311,103,126.64,2,0.1,227.952,126.64,0.1,227.952
1312,104,23.08,8,,156.944,23.08,0.15,156.944
1313,103,,3,0.05,394.78200000000004,66.13,0.05,188.4705
1314,103,,9,0.15,1003.1445,66.13,0.15,505.89449999999994
1315,104,80.23,4,,304.874,80.23,0.15,272.782
1316,103,90.73,6,0.0,544.38,90.73,0.0,544.38
1317,101,62.86,5,0.05,298.585,62.86,0.05,298.585
1318,103,12.94,1,0.1,11.645999999999999,12.94,0.1,11.645999999999999
1319,102,53.6,9,0.1,434.16,53.6,0.1,434.16
1320,104,121.41,1,,115.33949999999999,121.41,0.15,103.1985
1321,101,5.67,8,0.05,43.092,5.67,0.05,43.092
1322,104,53.36,9,,456.228,53.36,0.15,408.204
1323,102,62.73,9,0.15,479.88449999999995,62.73,0.15,479.88449999999995
1324,102,82.92,1,0.05,78.774,82.92,0.05,78.774
1325,102,,2,0.0,276.76,66.13,0.0,132.26
1326,103,55.22,1,0.15,46.937,55.22,0.15,46.937
1327,103,55.31,2,0.15,94.027,55.31,0.15,94.027
1328,104,111.94,8,,850.7439999999999,111.94,0.15,761.192
1329,104,70.57,5,,352.84999999999997,70.57,0.15,299.92249999999996
1330,101,37.57,7,0.15,223.5415,37.57,0.15,223.5415
1331,101,70.6,2,0.1,127.08,70.6,0.1,127.08
1332,104,25.42,8,,172.856,25.42,0.15,172.856
1333,103,30.58,6,0.05,174.30599999999998,30.58,0.05,174.30599999999998
1334,102,77.26,8,0.0,618.08,77.26,0.0,618.08
1335,104,65.74,1,,62.45299999999999,65.74,0.15,55.87899999999999
1336,101,,1,0.1,123.885,66.13,0.1,59.516999999999996
1337,103,57.55,7,0.1,362.565,57.55,0.1,362.565
1338,104,89.19,8,,642.168,89.19,0.15,606.492
1339,104,96.68,3,,275.538,96.68,0.15,246.53400000000002
1340,103,6.9,5,0.15,29.325,6.9,0.15,29.325
1341,104,101.21,1,,96.14949999999999,101.21,0.15,86.0285
1342,103,30.82,7,0.0,215.74,30.82,0.0,215.74
1343,102,,5,0.15,613.5300000000001,66.13,0.15,281.05249999999995
1344,103,26.56,8,0.1,191.232,26.56,0.1,191.232
1345,103,65.12,8,0.05,494.91200000000003,65.12,0.05,494.91200000000003
1346,103,17.38,9,0.1,140.778,17.38,0.1,140.778
1347,104,,7,,942.1650000000002,66.13,0.15,393.47349999999994
1348,104,77.82,1,,77.82,77.82,0.15,66.14699999999999
1349,103,91.33,3,0.15,232.8915,91.33,0.15,232.8915
1350,104,14.73,8,,117.84,14.73,0.15,100.164
1351,101,113.74,3,0.0,341.21999999999997,113.74,0.0,341.21999999999997
1352,101,35.44,8,0.0,283.52,35.44,0.0,283.52
1353,104,,1,,121.69800000000001,66.13,0.15,56.210499999999996
1354,104,34.75,5,,173.75,34.75,0.15,147.6875
1355,103,32.65,4,0.0,130.6,32.65,0.0,130.6
1356,102,10.3,5,0.15,43.775,10.3,0.15,43.775
1357,104,73.45,8,,499.46,73.45,0.15,499.46
1358,101,86.9,4,0.0,347.6,86.9,0.0,347.6
1359,103,14.53,4,0.15,49.401999999999994,14.53,0.15,49.401999999999994
1360,104,117.45,3,,299.4975,117.45,0.15,299.4975
1361,101,70.73,7,0.0,495.11,70.73,0.0,495.11
1362,101,81.04,3,0.1,218.80800000000002,81.04,0.1,218.80800000000002
1363,102,68.91,3,0.0,206.73,68.91,0.0,206.73
1364,103,63.11,5,0.15,268.21750000000003,63.11,0.15,268.21750000000003
1365,103,86.15,5,0.1,387.675,86.15,0.1,387.675
1366,102,27.51,6,0.05,156.807,27.51,0.05,156.807
1367,102,31.38,8,0.1,225.936,31.38,0.1,225.936
1368,103,129.96,6,0.15,662.7959999999999,129.96,0.15,662.7959999999999
1369,103,,1,0.1,127.971,66.13,0.1,59.516999999999996
1370,104,59.13,8,,473.04,59.13,0.15,402.084
1371,104,44.26,8,,336.376,44.26,0.15,300.96799999999996
1372,102,98.38,9,0.05,841.1489999999999,98.38,0.05,841.1489999999999
1373,104,64.27,9,,549.5084999999999,64.27,0.15,491.66549999999995
1374,101,8.68,2,0.15,14.755999999999998,8.68,0.15,14.755999999999998
1375,104,27.64,2,,46.988,27.64,0.15,46.988
1376,104,108.82,3,,310.13699999999994,108.82,0.15,277.491
1377,101,100.54,1,0.1,90.486,100.54,0.1,90.486
1378,102,8.93,4,0.05,33.934,8.93,0.05,33.934
1379,101,37.19,4,0.1,133.884,37.19,0.1,133.884
1380,104,38.51,9,,311.931,38.51,0.15,294.6015
1381,102,102.42,9,0.15,783.5129999999999,102.42,0.15,783.5129999999999
1382,104,7.86,9,,63.66600000000001,7.86,0.15,60.129000000000005
1383,101,20.1,7,0.05,133.66500000000002,20.1,0.05,133.66500000000002
1384,101,120.99,2,0.15,205.683,120.99,0.15,205.683
1385,104,30.89,5,,154.45,30.89,0.15,131.2825
1386,103,99.65,4,0.0,398.6,99.65,0.0,398.6
1387,103,39.54,8,0.15,268.872,39.54,0.15,268.872
1388,101,19.42,2,0.05,36.898,19.42,0.05,36.898
1389,101,40.26,6,0.0,241.56,40.26,0.0,241.56
1390,103,109.73,5,0.0,548.65,109.73,0.0,548.65
1391,103,129.08,2,0.1,232.34400000000002,129.08,0.1,232.34400000000002
1392,104,125.38,1,,112.842,125.38,0.15,106.573
1393,104,62.59,8,,475.684,62.59,0.15,425.612
1394,103,101.87,2,0.15,173.179,101.87,0.15,173.179
1395,104,34.72,7,,230.88799999999998,34.72,0.15,206.58399999999997
1396,104,47.51,9,,363.45149999999995,47.51,0.15,363.45149999999995
1397,102,,9,0.0,1214.73,66.13,0.0,595.17
1398,104,6.89,8,,49.608,6.89,0.15,46.852
1399,101,17.4,9,0.05,148.76999999999998,17.4,0.05,148.76999999999998
1400,104,35.14,2,,66.76599999999999,35.14,0.15,59.738
1401,104,8.85,6,,45.13499999999999,8.85,0.15,45.13499999999999
1402,103,31.31,4,0.15,106.454,31.31,0.15,106.454
1403,101,89.54,4,0.05,340.252,89.54,0.05,340.252
1404,104,66.11,5,,280.96750000000003,66.11,0.15,280.96750000000003
1405,104,,3,,383.154,66.13,0.15,168.6315
1406,102,123.53,1,0.05,117.3535,123.53,0.05,117.3535
1407,104,54.56,8,,414.656,54.56,0.15,371.008
1408,104,42.62,5,,213.1,42.62,0.15,181.135
1409,102,60.06,3,0.15,153.153,60.06,0.15,153.153
1410,103,90.59,7,0.1,570.717,90.59,0.1,570.717
1411,104,43.87,7,,276.381,43.87,0.15,261.0265
1412,102,95.5,1,0.15,81.175,95.5,0.15,81.175
1413,101,64.36,9,0.05,550.278,64.36,0.05,550.278
1414,103,85.05,2,0.1,153.09,85.05,0.1,153.09
1415,101,68.24,5,0.1,307.08,68.24,0.1,307.08
1416,101,47.7,5,0.15,202.725,47.7,0.15,202.725
1417,102,,8,0.1,1026.2160000000001,66.13,0.1,476.13599999999997
1418,104,115.72,8,,879.472,115.72,0.15,786.896
1419,102,25.32,7,0.15,150.654,25.32,0.15,150.654
1420,102,,7,0.05,870.6845,66.13,0.05,439.76449999999994
1421,102,75.68,6,0.1,408.672,75.68,0.1,408.672
1422,102,,6,0.1,727.434,66.13,0.1,357.102
1423,103,120.98,9,0.05,1034.379,120.98,0.05,1034.379
1424,104,66.66,6,,399.96,66.66,0.15,339.96599999999995
1425,101,8.26,2,0.1,14.868,8.26,0.1,14.868
1426,101,43.96,2,0.0,87.92,43.96,0.0,87.92
1427,104,83.54,5,,375.93000000000006,83.54,0.15,355.045
1428,101,96.85,4,0.0,387.4,96.85,0.0,387.4
1429,104,42.39,2,,84.78,42.39,0.15,72.063
1430,101,25.21,3,0.0,75.63,25.21,0.0,75.63
1431,102,126.06,7,0.05,838.299,126.06,0.05,838.299
1432,101,,8,0.0,1181.92,66.13,0.0,529.04
1433,104,81.23,6,,487.38,81.23,0.15,414.27299999999997
1434,104,29.89,5,,149.45,29.89,0.15,127.03249999999998
1435,104,44.48,1,,40.032,44.48,0.15,37.808
1436,104,7.67,8,,61.36,7.67,0.15,52.156
1437,104,,3,,371.43899999999996,66.13,0.15,168.6315
1438,103,22.07,6,0.0,132.42000000000002,22.07,0.0,132.42000000000002
1439,103,88.59,3,0.0,265.77,88.59,0.0,265.77
1440,101,44.74,7,0.05,297.521,44.74,0.05,297.521
1441,104,85.36,7,,537.768,85.36,0.15,507.892
1442,101,99.46,9,0.0,895.14,99.46,0.0,895.14
1443,104,125.31,5,,563.895,125.31,0.15,532.5675
1444,104,34.93,8,,251.496,34.93,0.15,237.524
1445,103,6.59,8,0.15,44.812,6.59,0.15,44.812
1446,103,24.85,1,0.05,23.6075,24.85,0.05,23.6075
1447,102,,5,0.05,643.625,66.13,0.05,314.11749999999995
1448,103,,3,0.05,375.3735,66.13,0.05,188.4705
1449,102,91.62,1,0.15,77.877,91.62,0.15,77.877
1450,102,92.07,4,0.15,313.03799999999995,92.07,0.15,313.03799999999995
1451,102,101.43,8,0.05,770.868,101.43,0.05,770.868
1452,102,30.43,3,0.15,77.59649999999999,30.43,0.15,77.59649999999999
1453,102,,2,0.15,233.903,66.13,0.15,112.42099999999999
1454,101,65.72,9,0.15,502.758,65.72,0.15,502.758
1455,103,60.56,5,0.05,287.66,60.56,0.05,287.66
1456,102,80.24,7,0.05,533.5959999999999,80.24,0.05,533.5959999999999
1457,104,11.81,2,,22.439,11.81,0.15,20.077
1458,103,29.11,9,0.15,222.6915,29.11,0.15,222.6915
1459,103,112.01,9,0.05,957.6854999999999,112.01,0.05,957.6854999999999
1460,102,17.01,4,0.15,57.834,17.01,0.15,57.834
1461,101,92.46,4,0.0,369.84,92.46,0.0,369.84
1462,102,40.58,6,0.15,206.958,40.58,0.15,206.958
1463,101,61.45,6,0.1,331.83000000000004,61.45,0.1,331.83000000000004
1464,104,46.86,1,,44.516999999999996,46.86,0.15,39.830999999999996
1465,103,56.57,9,0.05,483.6735,56.57,0.05,483.6735
1466,104,109.26,2,,196.668,109.26,0.15,185.742
1467,101,48.08,5,0.15,204.33999999999997,48.08,0.15,204.33999999999997
1468,101,87.13,9,0.0,784.17,87.13,0.0,784.17
1469,104,74.03,4,,266.50800000000004,74.03,0.15,251.702
1470,101,101.23,3,0.1,273.321,101.23,0.1,273.321
1471,104,,7,,837.9979999999999,66.13,0.15,393.47349999999994
1472,103,111.22,6,0.05,633.954,111.22,0.05,633.954
1473,104,36.17,8,,245.95600000000002,36.17,0.15,245.95600000000002
1474,103,9.52,3,0.1,25.704,9.52,0.1,25.704
1475,104,43.03,5,,193.63500000000002,43.03,0.15,182.8775
1476,101,91.29,4,0.05,346.902,91.29,0.05,346.902
1477,104,12.46,4,,47.348,12.46,0.15,42.364000000000004
1478,101,76.97,4,0.05,292.486,76.97,0.05,292.486
1479,104,91.54,8,,622.472,91.54,0.15,622.472
1480,104,53.47,6,,304.779,53.47,0.15,272.697
1481,102,116.78,3,0.1,315.30600000000004,116.78,0.1,315.30600000000004
1482,101,20.46,5,0.1,92.07000000000001,20.46,0.1,92.07000000000001
1483,102,15.89,6,0.0,95.34,15.89,0.0,95.34
1484,101,110.59,5,0.15,470.00750000000005,110.59,0.15,470.00750000000005
1485,102,76.85,6,0.0,461.09999999999997,76.85,0.0,461.09999999999997
1486,103,104.82,8,0.1,754.704,104.82,0.1,754.704
1487,104,68.05,7,,476.34999999999997,68.05,0.15,404.8975
1488,101,40.73,5,0.1,183.285,40.73,0.1,183.285
1489,101,123.77,6,0.0,742.62,123.77,0.0,742.62
1490,104,120.92,4,,459.496,120.92,0.15,411.128
1491,101,105.73,9,0.0,951.57,105.73,0.0,951.57
1492,101,44.46,4,0.05,168.948,44.46,0.05,168.948
1493,102,90.58,1,0.05,86.05099999999999,90.58,0.05,86.05099999999999
1494,101,57.34,7,0.15,341.173,57.34,0.15,341.173
1495,103,18.28,7,0.05,121.562,18.28,0.05,121.562
1496,103,,4,0.05,524.438,66.13,0.05,251.29399999999998
1497,104,24.84,3,,74.52,24.84,0.15,63.34199999999999
1498,101,,8,0.1,1028.016,66.13,0.1,476.13599999999997
1499,104,69.67,5,,296.0975,69.67,0.15,296.0975
1500,103,31.84,7,0.05,211.736,31.84,0.05,211.736
1501,101,83.58,4,0.15,284.17199999999997,83.58,0.15,284.17199999999997
1502,101,,4,0.0,526.32,66.13,0.0,264.52
1503,104,111.17,8,,844.8919999999999,111.17,0.15,755.956
1504,103,121.95,8,0.0,975.6,121.95,0.0,975.6
1505,101,100.52,2,0.15,170.884,100.52,0.15,170.884
1506,104,105.38,2,,210.76,105.38,0.15,179.146
1507,103,128.13,3,0.15,326.7315,128.13,0.15,326.7315
1508,104,41.2,3,,123.60000000000001,41.2,0.15,105.06
1509,102,75.97,1,0.15,64.5745,75.97,0.15,64.5745
1510,101,37.08,3,0.1,100.116,37.08,0.1,100.116
1511,102,,6,0.0,889.26,66.13,0.0,396.78
1512,103,,8,0.0,1135.12,66.13,0.0,529.04
1513,102,10.72,6,0.1,57.888000000000005,10.72,0.1,57.888000000000005
1514,102,107.31,5,0.1,482.895,107.31,0.1,482.895
1515,103,,4,0.0,556.64,66.13,0.0,264.52
1516,104,31.18,3,,84.18599999999999,31.18,0.15,79.50899999999999
1517,102,87.35,4,0.05,331.92999999999995,87.35,0.05,331.92999999999995
1518,104,,7,,819.6125,66.13,0.15,393.47349999999994
1519,102,9.92,1,0.15,8.432,9.92,0.15,8.432
1520,104,106.13,7,,631.4735,106.13,0.15,631.4735
1521,103,48.12,1,0.05,45.714,48.12,0.05,45.714
1522,102,,2,0.1,250.272,66.13,0.1,119.03399999999999
1523,103,,4,0.1,524.8800000000001,66.13,0.1,238.06799999999998
1524,102,,1,0.0,141.92,66.13,0.0,66.13
1525,103,73.76,9,0.1,597.456,73.76,0.1,597.456
1526,103,130.0,6,0.0,780.0,130.0,0.0,780.0
1527,102,127.46,1,0.05,121.08699999999999,127.46,0.05,121.08699999999999
1528,102,51.27,1,0.15,43.5795,51.27,0.15,43.5795
1529,102,125.19,6,0.15,638.4689999999999,125.19,0.15,638.4689999999999
1530,101,10.37,4,0.15,35.257999999999996,10.37,0.15,35.257999999999996
1531,104,91.46,4,,329.256,91.46,0.15,310.964
1532,101,38.35,6,0.0,230.10000000000002,38.35,0.0,230.10000000000002
1533,101,22.48,7,0.0,157.36,22.48,0.0,157.36
1534,103,16.16,9,0.05,138.16799999999998,16.16,0.05,138.16799999999998
1535,102,105.96,5,0.1,476.82,105.96,0.1,476.82
1536,104,54.28,9,,464.09399999999994,54.28,0.15,415.24199999999996
1537,103,110.09,4,0.0,440.36,110.09,0.0,440.36
1538,101,14.48,2,0.0,28.96,14.48,0.0,28.96
1539,102,50.72,3,0.15,129.33599999999998,50.72,0.15,129.33599999999998
1540,103,83.23,1,0.1,74.90700000000001,83.23,0.1,74.90700000000001
1541,102,119.65,6,0.0,717.9000000000001,119.65,0.0,717.9000000000001
1542,103,51.22,6,0.15,261.222,51.22,0.15,261.222
1543,102,95.75,1,0.1,86.175,95.75,0.1,86.175
1544,101,,3,0.05,380.38949999999994,66.13,0.05,188.4705
1545,104,94.3,5,,424.35,94.3,0.15,400.775
1546,101,38.78,3,0.1,104.706,38.78,0.1,104.706
1547,104,8.54,3,,25.619999999999997,8.54,0.15,21.776999999999997
1548,102,,3,0.0,393.48,66.13,0.0,198.39
1549,103,8.08,5,0.1,36.36,8.08,0.1,36.36
1550,101,,5,0.0,659.1500000000001,66.13,0.0,330.65
1551,104,81.7,4,,326.8,81.7,0.15,277.78000000000003
1552,101,,1,0.0,141.16,66.13,0.0,66.13
1553,104,120.82,5,,513.4849999999999,120.82,0.15,513.4849999999999
1554,101,,5,0.15,636.225,66.13,0.15,281.05249999999995
1555,104,55.85,4,,201.06,55.85,0.15,189.89
1556,104,116.24,6,,697.4399999999999,116.24,0.15,592.824
1557,102,63.28,4,0.15,215.152,63.28,0.15,215.152
1558,104,74.58,7,,469.854,74.58,0.15,443.7509999999999
1559,102,95.99,7,0.0,671.93,95.99,0.0,671.93
1560,104,,2,,250.192,66.13,0.15,112.42099999999999
1561,103,,3,0.0,443.07,66.13,0.0,198.39
1562,103,116.4,1,0.0,116.4,116.4,0.0,116.4
1563,103,65.58,8,0.15,445.94399999999996,65.58,0.15,445.94399999999996
1564,104,66.1,9,,535.41,66.1,0.15,505.66499999999996
1565,102,111.95,4,0.1,403.02000000000004,111.95,0.1,403.02000000000004
1566,102,39.62,6,0.15,202.06199999999998,39.62,0.15,202.06199999999998
1567,104,21.02,9,,189.18,21.02,0.15,160.803
1568,103,56.42,6,0.05,321.594,56.42,0.05,321.594
1569,103,46.65,9,0.0,419.84999999999997,46.65,0.0,419.84999999999997
1570,102,47.96,4,0.0,191.84,47.96,0.0,191.84
1571,103,38.87,8,0.05,295.412,38.87,0.05,295.412
1572,101,11.1,9,0.15,84.91499999999999,11.1,0.15,84.91499999999999
1573,102,7.59,4,0.1,27.324,7.59,0.1,27.324
1574,103,,5,0.15,629.9350000000001,66.13,0.15,281.05249999999995
1575,102,67.03,8,0.15,455.804,67.03,0.15,455.804
1576,101,60.73,6,0.0,364.38,60.73,0.0,364.38
1577,102,103.55,7,0.1,652.365,103.55,0.1,652.365
1578,102,36.65,3,0.1,98.955,36.65,0.1,98.955
1579,102,,7,0.15,849.303,66.13,0.15,393.47349999999994
1580,102,119.02,8,0.05,904.5519999999999,119.02,0.05,904.5519999999999
1581,101,17.96,6,0.15,91.596,17.96,0.15,91.596
1582,104,65.55,9,,560.4524999999999,65.55,0.15,501.4574999999999
1583,102,,6,0.1,715.338,66.13,0.1,357.102
1584,102,,9,0.15,1086.2235,66.13,0.15,505.89449999999994
1585,103,72.77,4,0.0,291.08,72.77,0.0,291.08
1586,102,93.94,8,0.15,638.7919999999999,93.94,0.15,638.7919999999999
1587,103,29.22,4,0.1,105.192,29.22,0.1,105.192
1588,104,,2,,297.44,66.13,0.15,112.42099999999999
1589,101,38.59,9,0.0,347.31000000000006,38.59,0.0,347.31000000000006
1590,101,,5,0.05,673.0749999999999,66.13,0.05,314.11749999999995
1591,104,99.2,4,,396.8,99.2,0.15,337.28
1592,101,93.12,2,0.0,186.24,93.12,0.0,186.24
1593,104,79.34,1,,67.43900000000001,79.34,0.15,67.43900000000001
1594,104,38.45,7,,242.23500000000004,38.45,0.15,228.77750000000003
1595,104,30.6,6,,174.42000000000002,30.6,0.15,156.06
1596,101,36.97,2,0.15,62.849,36.97,0.15,62.849
1597,103,32.03,8,0.0,256.24,32.03,0.0,256.24
1598,104,118.04,4,,472.16,118.04,0.15,401.336
1599,102,55.77,8,0.05,423.85200000000003,55.77,0.05,423.85200000000003
1600,101,13.39,7,0.1,84.357,13.39,0.1,84.357
1601,104,,5,,691.22,66.13,0.15,281.05249999999995
1602,104,,8,,905.42,66.13,0.15,449.68399999999997
1603,102,,9,0.05,1192.896,66.13,0.05,565.4114999999999
1604,103,,5,0.0,746.3,66.13,0.0,330.65
1605,103,30.21,5,0.15,128.3925,30.21,0.15,128.3925
1606,103,62.46,2,0.0,124.92,62.46,0.0,124.92
1607,104,114.94,5,,517.23,114.94,0.15,488.495
1608,104,105.92,3,,317.76,105.92,0.15,270.096
1609,104,27.31,7,,191.17,27.31,0.15,162.4945
1610,101,123.3,5,0.05,585.675,123.3,0.05,585.675
1611,102,37.54,8,0.0,300.32,37.54,0.0,300.32
1612,104,37.45,1,,31.832500000000003,37.45,0.15,31.832500000000003
1613,102,82.86,3,0.15,211.29299999999998,82.86,0.15,211.29299999999998
1614,102,90.98,3,0.1,245.64600000000002,90.98,0.1,245.64600000000002
1615,103,89.11,9,0.15,681.6915,89.11,0.15,681.6915
1616,101,18.27,5,0.05,86.78249999999998,18.27,0.05,86.78249999999998
1617,104,,9,,1071.0629999999999,66.13,0.15,505.89449999999994
1618,103,43.51,9,0.15,332.8515,43.51,0.15,332.8515
1619,103,23.78,1,0.05,22.591,23.78,0.05,22.591
1620,104,,2,,227.579,66.13,0.15,112.42099999999999
1621,102,,5,0.15,610.1724999999999,66.13,0.15,281.05249999999995
1622,103,,4,0.0,520.04,66.13,0.0,264.52
1623,102,122.38,9,0.15,936.207,122.38,0.15,936.207
1624,101,100.01,7,0.15,595.0595000000001,100.01,0.15,595.0595000000001
1625,102,84.87,6,0.05,483.759,84.87,0.05,483.759
1626,101,17.61,7,0.05,117.1065,17.61,0.05,117.1065
1627,102,64.23,1,0.0,64.23,64.23,0.0,64.23
1628,103,59.04,1,0.15,50.184,59.04,0.15,50.184
1629,103,42.66,8,0.0,341.28,42.66,0.0,341.28
1630,101,109.9,2,0.15,186.83,109.9,0.15,186.83
1631,104,76.9,9,,622.89,76.9,0.15,588.285
1632,101,16.75,7,0.1,105.525,16.75,0.1,105.525
1633,101,36.93,6,0.0,221.57999999999998,36.93,0.0,221.57999999999998
1634,102,104.07,1,0.0,104.07,104.07,0.0,104.07
1635,102,16.04,1,0.0,16.04,16.04,0.0,16.04
1636,101,128.43,2,0.05,244.017,128.43,0.05,244.017
1637,103,76.8,6,0.05,437.75999999999993,76.8,0.05,437.75999999999993
1638,102,74.69,6,0.05,425.73299999999995,74.69,0.05,425.73299999999995
1639,104,90.9,2,,181.8,90.9,0.15,154.53
1640,102,124.58,1,0.15,105.893,124.58,0.15,105.893
1641,102,55.43,5,0.1,249.43499999999997,55.43,0.1,249.43499999999997
1642,104,103.31,5,,516.55,103.31,0.15,439.06749999999994
1643,101,87.03,2,0.05,165.357,87.03,0.05,165.357
1644,104,43.72,6,,249.20399999999998,43.72,0.15,222.97199999999998
1645,101,,9,0.0,1191.6000000000001,66.13,0.0,595.17
1646,101,120.63,2,0.0,241.26,120.63,0.0,241.26
1647,101,100.48,2,0.05,190.912,100.48,0.05,190.912
1648,104,128.33,3,,327.2415,128.33,0.15,327.2415
1649,101,,7,0.05,869.5539999999999,66.13,0.05,439.76449999999994
1650,103,107.71,6,0.05,613.947,107.71,0.05,613.947
1651,104,126.37,8,,1010.96,126.37,0.15,859.316
1652,103,106.13,8,0.15,721.684,106.13,0.15,721.684
1653,101,103.62,6,0.05,590.634,103.62,0.05,590.634
1654,102,94.7,3,0.05,269.895,94.7,0.05,269.895
1655,101,114.14,3,0.1,308.178,114.14,0.1,308.178
1656,103,28.0,1,0.0,28.0,28.0,0.0,28.0
1657,103,,7,0.1,836.199,66.13,0.1,416.61899999999997
1658,104,,5,,591.39,66.13,0.15,281.05249999999995
1659,102,9.24,4,0.05,35.112,9.24,0.05,35.112
1660,104,124.74,4,,498.96,124.74,0.15,424.116
1661,103,23.69,4,0.15,80.546,23.69,0.15,80.546
1662,101,53.59,6,0.05,305.463,53.59,0.05,305.463
1663,102,112.81,8,0.15,767.108,112.81,0.15,767.108
1664,101,28.31,8,0.15,192.50799999999998,28.31,0.15,192.50799999999998
1665,101,123.61,5,0.0,618.05,123.61,0.0,618.05
1666,102,125.66,6,0.1,678.5640000000001,125.66,0.1,678.5640000000001
1667,104,78.58,4,,314.32,78.58,0.15,267.17199999999997
1668,101,5.93,9,0.15,45.3645,5.93,0.15,45.3645
1669,103,46.62,8,0.05,354.31199999999995,46.62,0.05,354.31199999999995
1670,101,94.45,1,0.15,80.2825,94.45,0.15,80.2825
1671,102,,2,0.05,279.813,66.13,0.05,125.64699999999999
1672,102,96.61,9,0.05,826.0155,96.61,0.05,826.0155
1673,102,42.67,8,0.0,341.36,42.67,0.0,341.36
1674,104,96.93,3,,247.1715,96.93,0.15,247.1715
1675,101,83.3,8,0.1,599.76,83.3,0.1,599.76
1676,104,118.08,1,,100.368,118.08,0.15,100.368
1677,104,20.51,4,,69.73400000000001,20.51,0.15,69.73400000000001
1678,102,115.35,3,0.1,311.445,115.35,0.1,311.445
1679,102,83.48,6,0.0,500.88,83.48,0.0,500.88
1680,104,,7,,860.5485,66.13,0.15,393.47349999999994
1681,101,54.57,4,0.15,185.53799999999998,54.57,0.15,185.53799999999998
1682,103,96.73,7,0.05,643.2545,96.73,0.05,643.2545
1683,104,,9,,1072.0709999999997,66.13,0.15,505.89449999999994
1684,101,19.86,2,0.1,35.748,19.86,0.1,35.748
1685,102,,3,0.05,401.565,66.13,0.05,188.4705
1686,102,104.74,5,0.0,523.6999999999999,104.74,0.0,523.6999999999999
1687,101,14.84,3,0.05,42.294,14.84,0.05,42.294
1688,103,48.64,8,0.1,350.208,48.64,0.1,350.208
1689,102,107.68,8,0.1,775.296,107.68,0.1,775.296
1690,102,14.77,8,0.05,112.252,14.77,0.05,112.252
1691,102,89.41,9,0.0,804.6899999999999,89.41,0.0,804.6899999999999
1692,101,55.15,4,0.05,209.57,55.15,0.05,209.57
1693,104,95.03,5,,475.15,95.03,0.15,403.8775
1694,102,11.63,5,0.05,55.2425,11.63,0.05,55.2425
1695,104,,8,,945.864,66.13,0.15,449.68399999999997
1696,103,,7,0.15,869.6519999999999,66.13,0.15,393.47349999999994
1697,102,,9,0.15,1112.9985000000001,66.13,0.15,505.89449999999994
1698,102,113.7,8,0.0,909.6,113.7,0.0,909.6
1699,103,23.86,2,0.0,47.72,23.86,0.0,47.72
1700,102,114.95,4,0.0,459.8,114.95,0.0,459.8
1701,104,8.57,6,,46.278000000000006,8.57,0.15,43.707
1702,101,8.21,2,0.05,15.599,8.21,0.05,15.599
1703,104,51.92,7,,327.096,51.92,0.15,308.924
1704,101,75.85,3,0.15,193.4175,75.85,0.15,193.4175
1705,101,116.71,3,0.0,350.13,116.71,0.0,350.13
1706,104,104.08,2,,197.75199999999998,104.08,0.15,176.93599999999998
1707,104,69.66,8,,473.688,69.66,0.15,473.688
1708,104,44.68,6,,227.86799999999997,44.68,0.15,227.86799999999997
1709,104,,1,,127.143,66.13,0.15,56.210499999999996
1710,103,66.8,1,0.1,60.12,66.8,0.1,60.12
1711,102,70.45,7,0.0,493.15000000000003,70.45,0.0,493.15000000000003
1712,101,28.73,8,0.15,195.364,28.73,0.15,195.364
1713,104,120.25,5,,601.25,120.25,0.15,511.0625
1714,104,105.58,5,,475.11,105.58,0.15,448.715
1715,104,37.01,4,,125.83399999999999,37.01,0.15,125.83399999999999
1716,103,16.95,6,0.1,91.52999999999999,16.95,0.1,91.52999999999999
1717,104,103.67,6,,559.818,103.67,0.15,528.717
1718,104,99.9,3,,299.70000000000005,99.9,0.15,254.74500000000003
1719,104,44.62,9,,341.34299999999996,44.62,0.15,341.34299999999996
1720,102,,7,0.1,900.144,66.13,0.1,416.61899999999997
1721,103,26.9,1,0.15,22.865,26.9,0.15,22.865
1722,104,67.69,7,,473.83,67.69,0.15,402.7555
1723,101,,5,0.1,638.1899999999999,66.13,0.1,297.585
1724,101,65.86,5,0.0,329.3,65.86,0.0,329.3
1725,101,97.59,2,0.15,165.903,97.59,0.15,165.903
1726,103,62.65,4,0.15,213.01,62.65,0.15,213.01
1727,103,44.76,6,0.0,268.56,44.76,0.0,268.56
1728,101,,7,0.05,982.0719999999999,66.13,0.05,439.76449999999994
1729,104,64.35,5,,289.575,64.35,0.15,273.4875
1730,103,,9,0.15,1029.9959999999999,66.13,0.15,505.89449999999994
1731,101,38.34,3,0.15,97.76700000000001,38.34,0.15,97.76700000000001
1732,101,35.9,1,0.1,32.31,35.9,0.1,32.31
1733,104,9.51,4,,38.04,9.51,0.15,32.333999999999996
1734,102,99.49,9,0.0,895.41,99.49,0.0,895.41
1735,103,58.44,4,0.0,233.76,58.44,0.0,233.76
1736,104,,2,,247.627,66.13,0.15,112.42099999999999
1737,101,73.62,5,0.05,349.695,73.62,0.05,349.695
1738,101,,3,0.15,370.74449999999996,66.13,0.15,168.6315
1739,104,31.9,9,,287.09999999999997,31.9,0.15,244.03499999999997
1740,103,,4,0.1,471.41999999999996,66.13,0.1,238.06799999999998
1741,102,117.61,6,0.15,599.8109999999999,117.61,0.15,599.8109999999999
1742,102,116.78,2,0.1,210.204,116.78,0.1,210.204
1743,101,127.49,6,0.15,650.199,127.49,0.15,650.199
1744,103,115.35,3,0.05,328.74749999999995,115.35,0.05,328.74749999999995
1745,102,95.8,9,0.15,732.8699999999999,95.8,0.15,732.8699999999999
1746,103,24.03,2,0.05,45.657,24.03,0.05,45.657
1747,103,9.72,9,0.15,74.358,9.72,0.15,74.358
1748,101,,5,0.0,692.6,66.13,0.0,330.65
1749,102,94.41,8,0.1,679.752,94.41,0.1,679.752
1750,104,120.5,2,,241.0,120.5,0.15,204.85
1751,101,74.82,6,0.15,381.58199999999994,74.82,0.15,381.58199999999994
1752,102,22.01,3,0.15,56.1255,22.01,0.15,56.1255
1753,102,23.15,5,0.15,98.3875,23.15,0.15,98.3875
1754,102,104.41,8,0.05,793.516,104.41,0.05,793.516
1755,102,67.39,1,0.1,60.651,67.39,0.1,60.651
1756,102,34.08,5,0.1,153.35999999999999,34.08,0.1,153.35999999999999
1757,103,76.28,3,0.15,194.514,76.28,0.15,194.514
1758,101,14.31,4,0.15,48.654,14.31,0.15,48.654
1759,103,89.39,2,0.05,169.84099999999998,89.39,0.05,169.84099999999998
1760,104,44.0,9,,396.0,44.0,0.15,336.59999999999997
1761,102,120.65,3,0.0,361.95000000000005,120.65,0.0,361.95000000000005
1762,101,50.0,2,0.1,90.0,50.0,0.1,90.0
1763,102,71.01,9,0.05,607.1355,71.01,0.05,607.1355
1764,101,6.68,7,0.15,39.745999999999995,6.68,0.15,39.745999999999995
1765,103,15.5,6,0.1,83.7,15.5,0.1,83.7
1766,101,61.91,1,0.05,58.814499999999995,61.91,0.05,58.814499999999995
1767,104,74.59,5,,372.95000000000005,74.59,0.15,317.00750000000005
1768,104,92.0,3,,262.2,92.0,0.15,234.6
1769,101,47.29,1,0.0,47.29,47.29,0.0,47.29
1770,101,105.77,4,0.05,401.926,105.77,0.05,401.926
1771,101,129.72,2,0.1,233.496,129.72,0.1,233.496
1772,101,118.08,2,0.0,236.16,118.08,0.0,236.16
1773,104,10.74,3,,28.998,10.74,0.15,27.386999999999997
1774,102,74.67,8,0.1,537.624,74.67,0.1,537.624
1775,101,20.21,8,0.0,161.68,20.21,0.0,161.68
1776,101,40.1,7,0.0,280.7,40.1,0.0,280.7
1777,104,,6,,755.1569999999999,66.13,0.15,337.263
1778,104,25.66,9,,196.299,25.66,0.15,196.299
1779,103,77.34,4,0.15,262.956,77.34,0.15,262.956
1780,101,94.63,1,0.1,85.167,94.63,0.1,85.167
1781,103,106.86,8,0.1,769.392,106.86,0.1,769.392
1782,104,86.15,7,,512.5925000000001,86.15,0.15,512.5925000000001
1783,104,6.42,7,,40.446,6.42,0.15,38.199
1784,102,52.34,3,0.1,141.318,52.34,0.1,141.318
1785,101,80.07,4,0.0,320.28,80.07,0.0,320.28
1786,103,17.74,9,0.0,159.66,17.74,0.0,159.66
1787,104,55.84,6,,301.536,55.84,0.15,284.784
1788,104,9.81,5,,41.6925,9.81,0.15,41.6925
1789,103,16.39,3,0.05,46.7115,16.39,0.05,46.7115
1790,102,62.55,9,0.15,478.50749999999994,62.55,0.15,478.50749999999994
1791,104,24.24,5,,115.13999999999999,24.24,0.15,103.01999999999998
1792,101,87.29,5,0.15,370.9825,87.29,0.15,370.9825
1793,104,104.97,4,,419.88,104.97,0.15,356.89799999999997
1794,101,121.09,4,0.1,435.92400000000004,121.09,0.1,435.92400000000004
1795,103,34.02,1,0.1,30.618000000000002,34.02,0.1,30.618000000000002
1796,101,29.28,7,0.0,204.96,29.28,0.0,204.96
1797,103,20.16,9,0.05,172.368,20.16,0.05,172.368
1798,101,97.28,3,0.05,277.248,97.28,0.05,277.248
1799,103,107.44,2,0.05,204.136,107.44,0.05,204.136
1800,101,9.58,3,0.0,28.740000000000002,9.58,0.0,28.740000000000002
1801,102,,1,0.05,133.7125,66.13,0.05,62.823499999999996
1802,101,12.54,6,0.0,75.24,12.54,0.0,75.24
1803,101,83.49,7,0.15,496.7654999999999,83.49,0.15,496.7654999999999
1804,102,107.81,2,0.15,183.277,107.81,0.15,183.277
1805,104,,8,,1050.32,66.13,0.15,449.68399999999997
1806,104,108.54,6,,586.116,108.54,0.15,553.554
1807,101,121.25,4,0.15,412.25,121.25,0.15,412.25
1808,102,54.22,5,0.05,257.545,54.22,0.05,257.545
1809,101,123.15,8,0.0,985.2,123.15,0.0,985.2
1810,103,16.62,3,0.05,47.367,16.62,0.05,47.367
1811,103,,3,0.05,384.03749999999997,66.13,0.05,188.4705
1812,101,84.4,4,0.1,303.84000000000003,84.4,0.1,303.84000000000003
1813,104,123.51,1,,117.3345,123.51,0.15,104.9835
1814,104,70.59,9,,571.7790000000001,70.59,0.15,540.0135
1815,101,98.32,8,0.15,668.5759999999999,98.32,0.15,668.5759999999999
1816,101,81.33,8,0.0,650.64,81.33,0.0,650.64
1817,103,111.08,6,0.05,633.156,111.08,0.05,633.156
1818,104,16.84,7,,117.88,16.84,0.15,100.198
1819,101,13.75,6,0.05,78.375,13.75,0.05,78.375
1820,103,40.83,9,0.0,367.46999999999997,40.83,0.0,367.46999999999997
1821,104,28.13,3,,80.17049999999999,28.13,0.15,71.7315
1822,102,,3,0.05,374.5185,66.13,0.05,188.4705
1823,103,36.79,3,0.05,104.8515,36.79,0.05,104.8515
1824,104,,3,,417.525,66.13,0.15,168.6315
1825,104,53.85,9,,460.4175,53.85,0.15,411.95250000000004
1826,103,31.41,4,0.05,119.35799999999999,31.41,0.05,119.35799999999999
1827,102,119.51,7,0.05,794.7415,119.51,0.05,794.7415
1828,103,100.51,9,0.05,859.3605,100.51,0.05,859.3605
1829,104,77.24,7,,513.646,77.24,0.15,459.5779999999999
1830,101,85.53,9,0.0,769.77,85.53,0.0,769.77
1831,101,109.28,3,0.1,295.05600000000004,109.28,0.1,295.05600000000004
1832,103,38.13,4,0.05,144.894,38.13,0.05,144.894
1833,104,,8,,1076.184,66.13,0.15,449.68399999999997
1834,101,,6,0.05,834.1949999999998,66.13,0.05,376.941
1835,104,99.3,5,,471.67499999999995,99.3,0.15,422.025
1836,103,33.93,4,0.0,135.72,33.93,0.0,135.72
1837,101,103.63,8,0.15,704.684,103.63,0.15,704.684
1838,104,15.47,1,,13.1495,15.47,0.15,13.1495
1839,101,9.44,9,0.0,84.96,9.44,0.0,84.96
1840,103,42.36,1,0.1,38.124,42.36,0.1,38.124
1841,104,72.08,8,,490.14399999999995,72.08,0.15,490.14399999999995
1842,101,,4,0.0,523.6,66.13,0.0,264.52
1843,103,110.44,9,0.0,993.96,110.44,0.0,993.96
1844,101,112.69,5,0.15,478.9325,112.69,0.15,478.9325
1845,101,66.7,3,0.1,180.09000000000003,66.7,0.1,180.09000000000003
1846,102,55.16,9,0.0,496.43999999999994,55.16,0.0,496.43999999999994
1847,102,58.8,9,0.05,502.7399999999999,58.8,0.05,502.7399999999999
1848,103,,4,0.1,533.556,66.13,0.1,238.06799999999998
1849,102,10.82,4,0.1,38.952000000000005,10.82,0.1,38.952000000000005
1850,103,,8,0.15,888.896,66.13,0.15,449.68399999999997
1851,102,88.91,2,0.15,151.147,88.91,0.15,151.147
1852,101,68.6,9,0.05,586.53,68.6,0.05,586.53
1853,103,110.16,6,0.0,660.96,110.16,0.0,660.96
1854,103,75.57,9,0.15,578.1104999999999,75.57,0.15,578.1104999999999
1855,101,,8,0.15,895.22,66.13,0.15,449.68399999999997
1856,103,,7,0.1,854.28,66.13,0.1,416.61899999999997
1857,103,66.15,1,0.15,56.227500000000006,66.15,0.15,56.227500000000006
1858,102,45.14,3,0.15,115.10700000000001,45.14,0.15,115.10700000000001
1859,103,90.89,2,0.15,154.513,90.89,0.15,154.513
1860,104,,5,,583.4825,66.13,0.15,281.05249999999995
1861,101,35.55,5,0.1,159.975,35.55,0.1,159.975
1862,102,95.33,5,0.05,452.81749999999994,95.33,0.05,452.81749999999994
1863,102,96.58,4,0.05,367.00399999999996,96.58,0.05,367.00399999999996
1864,104,111.3,5,,556.5,111.3,0.15,473.025
1865,101,24.08,3,0.15,61.403999999999996,24.08,0.15,61.403999999999996
1866,101,108.79,1,0.1,97.911,108.79,0.1,97.911
1867,102,,5,0.0,684.05,66.13,0.0,330.65
1868,103,31.05,9,0.0,279.45,31.05,0.0,279.45
1869,102,39.44,9,0.05,337.212,39.44,0.05,337.212
1870,101,,4,0.1,525.06,66.13,0.1,238.06799999999998
1871,104,31.24,3,,84.348,31.24,0.15,79.66199999999999
1872,102,128.89,1,0.1,116.00099999999999,128.89,0.1,116.00099999999999
1873,101,76.38,2,0.05,145.12199999999999,76.38,0.05,145.12199999999999
1874,102,40.85,8,0.05,310.46,40.85,0.05,310.46
1875,103,,1,0.05,124.69699999999999,66.13,0.05,62.823499999999996
1876,102,69.57,8,0.05,528.732,69.57,0.05,528.732
1877,102,79.65,7,0.05,529.6725,79.65,0.05,529.6725
1878,101,57.09,8,0.15,388.212,57.09,0.15,388.212
1879,101,90.98,6,0.15,463.998,90.98,0.15,463.998
1880,101,28.71,9,0.1,232.551,28.71,0.1,232.551
1881,102,61.71,3,0.0,185.13,61.71,0.0,185.13
1882,103,,4,0.1,524.0160000000001,66.13,0.1,238.06799999999998
1883,104,42.43,6,,254.57999999999998,42.43,0.15,216.39299999999997
1884,104,100.23,8,,761.748,100.23,0.15,681.564
1885,101,52.15,5,0.0,260.75,52.15,0.0,260.75
1886,101,117.15,3,0.1,316.30500000000006,117.15,0.1,316.30500000000006
1887,102,23.98,6,0.1,129.492,23.98,0.1,129.492
1888,104,,4,,582.48,66.13,0.15,224.84199999999998
1889,101,70.8,9,0.15,541.6199999999999,70.8,0.15,541.6199999999999
1890,103,39.23,3,0.05,111.8055,39.23,0.05,111.8055
1891,103,15.66,4,0.05,59.507999999999996,15.66,0.05,59.507999999999996
1892,101,29.61,7,0.1,186.54299999999998,29.61,0.1,186.54299999999998
1893,101,80.37,7,0.15,478.2015,80.37,0.15,478.2015
1894,104,53.87,4,,215.48,53.87,0.15,183.158
1895,104,125.19,6,,713.583,125.19,0.15,638.4689999999999
1896,102,67.48,3,0.15,172.07399999999998,67.48,0.15,172.07399999999998
1897,104,41.06,6,,234.042,41.06,0.15,209.406
1898,103,94.49,2,0.15,160.63299999999998,94.49,0.15,160.63299999999998
1899,103,107.48,8,0.15,730.864,107.48,0.15,730.864
1900,101,29.22,2,0.1,52.596,29.22,0.1,52.596
1901,104,29.3,7,,194.845,29.3,0.15,174.33499999999998
1902,102,10.32,9,0.0,92.88,10.32,0.0,92.88
1903,103,111.78,1,0.1,100.602,111.78,0.1,100.602
1904,103,101.25,8,0.1,729.0,101.25,0.1,729.0
1905,102,73.82,7,0.0,516.74,73.82,0.0,516.74
1906,102,127.4,6,0.1,687.9600000000002,127.4,0.1,687.9600000000002
1907,103,121.82,6,0.15,621.2819999999999,121.82,0.15,621.2819999999999
1908,103,89.88,6,0.15,458.388,89.88,0.15,458.388
1909,102,,9,0.05,1119.1950000000002,66.13,0.05,565.4114999999999
1910,103,34.85,2,0.05,66.215,34.85,0.05,66.215
1911,101,21.23,1,0.0,21.23,21.23,0.0,21.23
1912,101,44.11,6,0.05,251.42699999999996,44.11,0.05,251.42699999999996
1913,102,13.28,8,0.15,90.30399999999999,13.28,0.15,90.30399999999999
1914,104,82.02,3,,246.06,82.02,0.15,209.151
1915,102,,1,0.0,140.81,66.13,0.0,66.13
1916,102,10.7,9,0.05,91.485,10.7,0.05,91.485
1917,104,22.71,1,,19.3035,22.71,0.15,19.3035
1918,104,70.57,3,,211.70999999999998,70.57,0.15,179.9535
1919,104,,8,,954.7879999999999,66.13,0.15,449.68399999999997
1920,101,50.84,3,0.15,129.642,50.84,0.15,129.642
1921,103,78.55,4,0.15,267.07,78.55,0.15,267.07
1922,101,11.03,8,0.05,83.82799999999999,11.03,0.05,83.82799999999999
1923,103,26.51,1,0.1,23.859,26.51,0.1,23.859
1924,101,,6,0.1,799.524,66.13,0.1,357.102
1925,103,,1,0.0,144.94,66.13,0.0,66.13
1926,101,5.72,1,0.15,4.862,5.72,0.15,4.862
1927,104,,8,,1086.876,66.13,0.15,449.68399999999997
1928,102,97.67,4,0.15,332.078,97.67,0.15,332.078
1929,101,,1,0.15,111.2225,66.13,0.15,56.210499999999996
1930,103,70.94,7,0.05,471.751,70.94,0.05,471.751
1931,104,79.76,5,,358.92,79.76,0.15,338.98
1932,101,75.88,5,0.15,322.48999999999995,75.88,0.15,322.48999999999995
1933,101,101.7,1,0.15,86.445,101.7,0.15,86.445
1934,104,25.25,6,,136.35,25.25,0.15,128.775
1935,101,9.35,9,0.05,79.94249999999998,9.35,0.05,79.94249999999998
1936,102,49.65,9,0.0,446.84999999999997,49.65,0.0,446.84999999999997
1937,101,107.18,8,0.1,771.696,107.18,0.1,771.696
1938,102,34.27,5,0.0,171.35000000000002,34.27,0.0,171.35000000000002
1939,102,102.65,1,0.0,102.65,102.65,0.0,102.65
1940,104,,9,,1179.6839999999997,66.13,0.15,505.89449999999994
1941,101,18.62,1,0.15,15.827,18.62,0.15,15.827
1942,104,102.53,8,,820.24,102.53,0.15,697.204
1943,101,69.34,5,0.0,346.70000000000005,69.34,0.0,346.70000000000005
1944,101,,3,0.05,373.008,66.13,0.05,188.4705
1945,103,30.69,7,0.15,182.6055,30.69,0.15,182.6055
1946,101,105.43,7,0.0,738.01,105.43,0.0,738.01
1947,104,126.53,9,,1081.8315,126.53,0.15,967.9544999999999
1948,102,,7,0.15,844.7215,66.13,0.15,393.47349999999994
1949,101,104.07,3,0.1,280.989,104.07,0.1,280.989
1950,103,77.09,1,0.1,69.381,77.09,0.1,69.381
1951,104,94.59,8,,718.884,94.59,0.15,643.212
1952,101,,3,0.1,353.67300000000006,66.13,0.1,178.551
1953,104,87.74,8,,701.92,87.74,0.15,596.632
1954,103,9.41,8,0.15,63.988,9.41,0.15,63.988
1955,103,,5,0.0,699.95,66.13,0.0,330.65
1956,104,104.98,1,,104.98,104.98,0.15,89.233
1957,101,103.09,7,0.1,649.467,103.09,0.1,649.467
1958,102,36.27,5,0.0,181.35000000000002,36.27,0.0,181.35000000000002
1959,103,100.54,8,0.1,723.888,100.54,0.1,723.888
1960,101,62.11,9,0.15,475.1415,62.11,0.15,475.1415
1961,101,99.43,7,0.15,591.6084999999999,99.43,0.15,591.6084999999999
1962,102,20.46,7,0.0,143.22,20.46,0.0,143.22
1963,103,100.39,1,0.05,95.37049999999999,100.39,0.05,95.37049999999999
1964,103,,4,0.1,539.676,66.13,0.1,238.06799999999998
1965,101,11.99,2,0.1,21.582,11.99,0.1,21.582
1966,101,,2,0.0,293.38,66.13,0.0,132.26
1967,102,64.0,2,0.1,115.2,64.0,0.1,115.2
1968,102,,4,0.1,472.536,66.13,0.1,238.06799999999998
1969,103,118.45,1,0.05,112.5275,118.45,0.05,112.5275
1970,104,87.22,4,,331.436,87.22,0.15,296.548
1971,103,112.08,2,0.0,224.16,112.08,0.0,224.16
1972,101,,5,0.05,628.805,66.13,0.05,314.11749999999995
1973,103,63.6,3,0.0,190.8,63.6,0.0,190.8
1974,104,52.42,8,,356.456,52.42,0.15,356.456
1975,102,101.8,4,0.0,407.2,101.8,0.0,407.2
1976,104,122.14,1,,103.819,122.14,0.15,103.819
1977,104,115.53,1,,115.53,115.53,0.15,98.2005
1978,104,120.68,3,,325.836,120.68,0.15,307.73400000000004
1979,102,68.16,9,0.05,582.7679999999999,68.16,0.05,582.7679999999999
1980,104,123.59,7,,735.3605,123.59,0.15,735.3605
1981,104,22.43,2,,44.86,22.43,0.15,38.131
1982,104,83.95,9,,717.7725,83.95,0.15,642.2175000000001
1983,101,5.84,2,0.0,11.68,5.84,0.0,11.68
1984,104,52.06,3,,148.371,52.06,0.15,132.75300000000001
1985,102,58.14,2,0.05,110.466,58.14,0.05,110.466
1986,104,62.45,3,,187.35000000000002,62.45,0.15,159.2475
1987,104,105.84,6,,539.784,105.84,0.15,539.784
1988,102,61.34,9,0.15,469.25100000000003,61.34,0.15,469.25100000000003
1989,104,70.06,9,,567.486,70.06,0.15,535.959
1990,102,39.44,7,0.05,262.27599999999995,39.44,0.05,262.27599999999995
1991,104,59.12,3,,159.624,59.12,0.15,150.75599999999997
1992,102,37.95,4,0.1,136.62,37.95,0.1,136.62
1993,104,15.61,6,,93.66,15.61,0.15,79.61099999999999
1994,104,92.5,5,,462.5,92.5,0.15,393.125
1995,101,101.89,2,0.0,203.78,101.89,0.0,203.78
1996,101,94.83,6,0.05,540.531,94.83,0.05,540.531
1997,104,72.21,3,,216.63,72.21,0.15,184.13549999999998
1998,104,60.07,8,,480.56,60.07,0.15,408.476
1999,103,,2,0.05,247.342,66.13,0.05,125.64699999999999
